Name,Price,Image
Barritas Redonda de Ternera para Perro 400 Gr.,4.99 €/u,https://www.petsonic.com/15277-large_default/hobbit-alf-barritas-redonda-ternera-para-perros.jpg
Barritas Redonda de Ternera para Perro 900 Gr.,8.99 €/u,https://www.petsonic.com/15277-large_default/hobbit-alf-barritas-redonda-ternera-para-perros.jpg
Barritas Redonda de Cordero para Perro 400 Gr.,5.49 €/u,https://www.petsonic.com/15278-large_default/hobbit-alf-barritas-redonda-cordero-para-perros.jpg
Barritas Redonda de Cordero para Perro 900 Gr.,8.99 €/u,https://www.petsonic.com/15278-large_default/hobbit-alf-barritas-redonda-cordero-para-perros.jpg
Barritas Redonda de Pollo para Perro 400 Gr.,4.99 €/u,https://www.petsonic.com/15281-large_default/hobbit-alf-barritas-redonda-pollo-para-perros.jpg
Barritas Redonda de Pollo para Perro 900 Gr.,7.64 €/u,https://www.petsonic.com/15281-large_default/hobbit-alf-barritas-redonda-pollo-para-perros.jpg
Mini Huesitos Tiernos Mix para Perros 500 Gr.,3.79 €/u,https://www.petsonic.com/15886-large_default/hobbit-alf-mini-huesitos-tiernos-mix-para-perros.jpg
Hueso Piel Sabor Barbacoa para Perro 13 cm,1.99 €/u,https://www.petsonic.com/14023-large_default/hobbit-alf-hueso-piel-sabor-barbacoa-para-perros.jpg
Hueso de Piel Sabor Chocolate para Perro 13 cm,1.99 €/u,https://www.petsonic.com/14024-large_default/hobbit-alf-hueso-piel-sabor-chocolate-para-perros.jpg
Hueso Piel con Fluor para Perro 13 cm,1.89 €/u,https://www.petsonic.com/14022-large_default/hobbit-alf-hueso-piel-fluor-para-perros.jpg
Hueso Piel con Fluor para Perro 25 cm,5.13 €/u,https://www.petsonic.com/14022-large_default/hobbit-alf-hueso-piel-fluor-para-perros.jpg
Nudillo de Ternera Calcio para Perro 2 Unidades,0.99 €/u,https://www.petsonic.com/14025-large_default/hobbit-alf-nudillo-ternera-calcio-para-perros.jpg
Nudillo de Ternera Ahumado para Perro 2 Unidades,0.79 €/u,https://www.petsonic.com/14026-large_default/hobbit-alf-nudillo-ternera-ahumado-para-perros.jpg
Cañailla de Jamón para Perro 2 Unidades,0.99 €/u,https://www.petsonic.com/14027-large_default/hobbit-alf-canailla-jamon-para-perros.jpg
Hueso Jamón para Perro Talla Unica*,1.39 €/u,https://www.petsonic.com/14036-large_default/hobbit-alf-hueso-jamon-para-perros.jpg
Hueso de Calcio Corto para Perro 1 Unidad.,1.49 €/u,https://www.petsonic.com/14037-large_default/hobbit-alf-hueso-calcio-corto-para-perros.jpg
Hueso Ternera con Calcio  1 Unidad.,2.99 €/u,https://www.petsonic.com/14038-large_default/hobbit-alf-hueso-ternera-calcio-para-perros.jpg
Rosco Piel Fluor para Perro 1 Unidad.,1.99 €/u,https://www.petsonic.com/14035-large_default/hobbit-alf-rosco-piel-fluor-para-perros.jpg
Hueso Ternera Ahumado para Perro 1 Unidad.,2.84 €/u,https://www.petsonic.com/9578-large_default/hobbit-alf-hueso-ternera-ahumado-para-perros.jpg
Orejas de Cerda Extra para Perro 5 Unidades.,8.47 €/u,https://www.petsonic.com/14041-large_default/hobbit-alf-orejas-cerda-extra-para-perros.jpg
Orejas de Cerda Extra para Perro 25 Unidades,29.25 €/u,https://www.petsonic.com/14041-large_default/hobbit-alf-orejas-cerda-extra-para-perros.jpg
Oreja de Vaca Deshidratada para Perro 1 Unidad.,0.99 €/u,https://www.petsonic.com/14043-large_default/hobbit-alf-oreja-vaca-deshidratada-para-perros.jpg
Pezuña de Ternera Rellena para Perro 1 Unidad.,1.49 €/u,https://www.petsonic.com/8214-large_default/hobbit-alf-pezuna-ternera-rellena-para-perros.jpg
Zapato Piel Masticable para Perro (10 unidades) 12 cm,6.90 €/u,https://www.petsonic.com/14044-large_default/trixie-zapato-piel-masticable-10-unidades-para-perros.jpg
Oreja de Cerdo 1 Unidad.,1.42 €/u,https://www.petsonic.com/14042-large_default/hobbit-alf-oreja-cerdo-para-perros.jpg
Tendón de Cuero para Perro 100 Gr.,2.99 €/u,https://www.petsonic.com/14029-large_default/hobbit-alf-tendon-cuero-para-perros.jpg
Tendón de Cuero para Perro 1 Kg.,12.99 €/u,https://www.petsonic.com/14029-large_default/hobbit-alf-tendon-cuero-para-perros.jpg
Puntas de Nervio de Toro 500 Gr.,9.99 €/u,https://www.petsonic.com/15881-large_default/hobbit-alf-puntas-nervio-toro-para-perros.jpg
Tendón Extra 20cm para Perro 1 Unidad.,1.59 €/u,https://www.petsonic.com/14052-large_default/hobbit-alf-tendon-extra-20cm-para-perros.jpg
Tira de Tendón para Perro 1 Unidad.,1.49 €/u,https://www.petsonic.com/14051-large_default/hobbit-alf-tira-tendon-para-perros.jpg
Nervio de Toro 20cm para Perros 7 Unidades.,15.94 €/u,https://www.petsonic.com/15883-large_default/hobbit-alf-nervio-toro-20cm-para-perros.jpg
Nervio de Toro 15 cm para Perro 10 Unidades.,16.75 €/u,https://www.petsonic.com/14045-large_default/hobbit-alf-nervio-toro-15-cm-para-perros.jpg
Nervio de Toro 15 cm para Perro 40 Unidades.,64.99 €/u,https://www.petsonic.com/14045-large_default/hobbit-alf-nervio-toro-15-cm-para-perros.jpg
Nervio de Toro 60-70cm para Perro 1 Unidad.,5.99 €/u,https://www.petsonic.com/15884-large_default/hobbit-alf-nervio-toro-60-70cm-para-perros.jpg
Nervio de Toro 60-70cm para Perro Pack 10 unidades,44.99 €/u,https://www.petsonic.com/15884-large_default/hobbit-alf-nervio-toro-60-70cm-para-perros.jpg
Estrellas Tiernas de Salmón y Queso para Perro 1 Unidad.,1.42 €/u,https://www.petsonic.com/11078-large_default/hobbit-alf-estrellas-tiernas-salmon-queso-para-perros.jpg
Estrellas Tiernas de Salmón y Queso para Perro 16 Unidades,18.95 €/u,https://www.petsonic.com/11078-large_default/hobbit-alf-estrellas-tiernas-salmon-queso-para-perros.jpg
Estrellas Tiernas de Avestruz para Perro 1 Unidad.,1.37 €/u,https://www.petsonic.com/11080-large_default/hobbit-alf-estrellas-tiernas-avestruz-para-perros.jpg
Estrellas Tiernas de Avestruz para Perro 16 Unidades,18.95 €/u,https://www.petsonic.com/11080-large_default/hobbit-alf-estrellas-tiernas-avestruz-para-perros.jpg
Estrellita Tiernas de Salmón para Perro 1 Unidad.,1.49 €/u,https://www.petsonic.com/11079-large_default/hobbit-alf-estrellita-tiernas-salmon-para-perros.jpg
Estrellita Tiernas de Salmón para Perro 16 Unidades,18.95 €/u,https://www.petsonic.com/11079-large_default/hobbit-alf-estrellita-tiernas-salmon-para-perros.jpg
Bocaditos Tiernos de Salmón para Perro 1 Unidad.,1.49 €/u,https://www.petsonic.com/11081-large_default/hobbit-alf-bocaditos-tiernos-salmon-para-perros.jpg
Bocaditos Tiernos de Salmón para Perro 16 Unidades,18.95 €/u,https://www.petsonic.com/11081-large_default/hobbit-alf-bocaditos-tiernos-salmon-para-perros.jpg
Estrellas Tiernas de Ganso para Perro 1 Unidad.,1.49 €/u,https://www.petsonic.com/12040-large_default/hobbit-alf-estrellas-tiernas-ganso-para-perros.jpg
Estrellas Tiernas de Ganso para Perro 16 Unidades,13.90 €/u,https://www.petsonic.com/12040-large_default/hobbit-alf-estrellas-tiernas-ganso-para-perros.jpg
Bocaditos Tiernos de Carne de Caza para Perros 1 Unidad.,1.42 €/u,https://www.petsonic.com/12041-large_default/hobbit-alf-bocaditos-tiernos-carne-caza-para-perros.jpg
Bocaditos Tiernos de Carne de Caza para Perros 16 Unidades,18.95 €/u,https://www.petsonic.com/12041-large_default/hobbit-alf-bocaditos-tiernos-carne-caza-para-perros.jpg
Snack Huesitos Tiernos para Perros Pollo,1.89 €/u,https://www.petsonic.com/13861-large_default/hobbit-alf-snack-huesitos-tiernos-para-perros.jpg
Snack Huesitos Tiernos para Perros Cordero,1.89 €/u,https://www.petsonic.com/13861-large_default/hobbit-alf-snack-huesitos-tiernos-para-perros.jpg
Mini Hueso Piel Fluor para Perros 10 Unidades.,6.99 €/u,https://www.petsonic.com/14030-large_default/hobbit-alf-mini-hueso-piel-fluor-para-perros.jpg
Hueso Calcio con Pollo para Perro 100 Gr.,2.49 €/u,https://www.petsonic.com/14031-large_default/hobbit-alf-hueso-calcio-pollo-para-perros.jpg
Filetes de pollo y Pato para Perro 100 Gr.,2.99 €/u,https://www.petsonic.com/14032-large_default/hobbit-alf-filetes-pollo-pato-para-perros.jpg
Stick Con Carne de pollo para Perro 100 Gr.,2.99 €/u,https://www.petsonic.com/11059-large_default/hobbit-alf-stick-carne-pollo-para-perros.jpg
Stick Talla XXL con Carne de Pollo para Perro 130 gr,3.00 €/u,https://www.petsonic.com/11060-large_default/hobbit-alf-stick-talla-xxl-carne-pollo-para-perros.jpg
Muslitos de Pollo y Calcio para Perro 100 Gr.,2.49 €/u,https://www.petsonic.com/11056-large_default/hobbit-alf-muslitos-pollo-calcio-para-perros.jpg
Huesitos Puppy con Pollo para Perro 100 Gr.,2.49 €/u,https://www.petsonic.com/14034-large_default/hobbit-alf-huesitos-puppy-pollo-para-perros.jpg
Galletas Puppy para Perro 100 Gr.,0.89 €/u,https://www.petsonic.com/14110-large_default/hobbit-alf-galletas-puppy-para-perros.jpg
Galletas Puppy para Perro 200 Gr.,1.79 €/u,https://www.petsonic.com/14110-large_default/hobbit-alf-galletas-puppy-para-perros.jpg
Galletas Puppy para Perro 430 gr,2.84 €/u,https://www.petsonic.com/14110-large_default/hobbit-alf-galletas-puppy-para-perros.jpg
Galleta Croqueta Queso y Pollo para Perro 430 gr,2.99 €/u,https://www.petsonic.com/14114-large_default/hobbit-alf-galleta-croqueta-queso-pollo-para-perros.jpg
Galletas Granja para Perro 200 Gr.,1.79 €/u,https://www.petsonic.com/14111-large_default/hobbit-alf-galletas-granja-para-perros.jpg
Galletas Granja para Perro 430 gr,2.81 €/u,https://www.petsonic.com/14111-large_default/hobbit-alf-galletas-granja-para-perros.jpg
Galletas Granja para Perro 4 Kg.,17.99 €/u,https://www.petsonic.com/14111-large_default/hobbit-alf-galletas-granja-para-perros.jpg
Galleta Happy Happer Mix para Perros 5 Kg *,20.99 €/u,https://www.petsonic.com/14116-large_default/hobbit-alf-galleta-happy-happer-mix-para-perros.jpg
Galletas Alfito de Carne para Perro 430 gr,2.99 €/u,https://www.petsonic.com/14112-large_default/hobbit-alf-galletas-alfito-carne-para-perros.jpg
Galletas Jumbo Mini Mix para Perro 430 gr,2.69 €/u,https://www.petsonic.com/14115-large_default/hobbit-alf-galletas-jumbo-mini-mix-para-perros.jpg
Aceite de Salmón para Perros 0.250 L*,6.99 €/u,https://www.petsonic.com/14225-large_default/hobbit-alf-aceite-salmon-para-perros.jpg
Snack Pescaditos con Pollo para Perro 100 Gr.,2.99 €/u,https://www.petsonic.com/11137-large_default/hobbit-alf-snack-pescaditos-pollo-para-perros.jpg
Snack Anti-hairball para Gato 75 Gr.,2.49 €/u,https://www.petsonic.com/11136-large_default/hobbit-alf-snack-anti-hairball-para-gatos.jpg
Snack Diurético para Gatos 75 Gr.,2.96 €/u,https://www.petsonic.com/11135-large_default/hobbit-alf-snack-diuretico-para-gatos.jpg
Palitos Tiernos de Ternera para Perro 13 Unidades.,2.99 €/u,https://www.petsonic.com/5863-large_default/hobbit-alf-palitos-tiernos-ternera-para-perros.jpg
Fruit Mix para Perro 1 Unidad.,1.79 €/u,https://www.petsonic.com/12039-large_default/hobbit-alf-fruit-mix-para-perro.jpg
Fruit Mix para Perro 16 Unidades,18.95 €/u,https://www.petsonic.com/12039-large_default/hobbit-alf-fruit-mix-para-perro.jpg
Nervio de Cerdo Trenzado para Perro 20 cm,1.99 €/u,https://www.petsonic.com/14033-large_default/nervio-cerdo-trenzado-para-perro.jpg
Orejas de Liebre para Perro 3 Unidades.,1.35 €/u,https://www.petsonic.com/18063-large_default/hobbit-alf-orejas-liebre-para-perro.jpg
